{"search":"WebGL","showTags":false,"showAttachments":false,"hideUnresolved":true,"showOrphans":false,"showArrow":true,"textFadeMultiplier":-3,"nodeSizeMultiplier":3.33983707264957,"lineSizeMultiplier":1.87337072649573,"centerStrength":0.19284188034188,"repelStrength":9.1426282051282,"linkStrength":0.329326923076923,"linkDistance":30,"scale":0.3744650979416573}